file,title_or_stem,suggested_name,same_as_current,reason
notes\MK\2025-07-02.md,2025-07-02,2025-07-02.md,yes,use-file-stem
notes\MK\2025-08-29.md,2025-08-29,2025-08-29.md,yes,use-file-stem
notes\MK\AI-idea\DeNAã®ã€ŒAIã«ã‚ªãƒ¼ãƒ«ã‚¤ãƒ³ã€.md,DeNAã«ãŠã‘ã‚‹AIæ´»ç”¨æœ€å‰ç·š,DeNAã«ãŠã‘ã‚‹AIæ´»ç”¨æœ€å‰ç·š.md,no,use-h1-title
notes\MK\AI-idea\Gemini CLI.md,Gemini CLIã¨ã¯ä½•ã‹ã€ãã®èƒŒæ™¯ã¨ç«¶åˆ,Gemini-CLIã¨ã¯ä½•ã‹ã€ãã®èƒŒæ™¯ã¨ç«¶åˆ.md,no,use-h1-title
notes\MK\ASMR\ASMRæ”¹è‰¯ç‰ˆãƒ—ãƒ­ãƒ³ãƒ—ãƒˆ.md,ğŸ‡ ASMRå‹•ç”»ãƒ—ãƒ­ãƒ³ãƒ—ãƒˆï¼ˆæœç‰©10ç¨® Ã— æ”¹è‰¯ç‰ˆæ§‹æˆï¼‰,ğŸ‡-ASMRå‹•ç”»ãƒ—ãƒ­ãƒ³ãƒ—ãƒˆï¼ˆæœç‰©10ç¨®-Ã—-æ”¹è‰¯ç‰ˆæ§‹æˆï¼‰.md,no,use-h1-title
notes\MK\ASMR\ASMRæ”¹è‰¯ç‰ˆãƒ—ãƒ­ãƒ³ãƒ—ãƒˆç”¨ãƒãƒƒã‚·ãƒ¥ã‚¿ã‚°.md,ğŸ¬ TikTokæŠ•ç¨¿ãƒ†ãƒ³ãƒ—ãƒ¬ãƒ¼ãƒˆï¼ˆã‚¿ã‚¤ãƒˆãƒ«ï¼‹ãƒãƒƒã‚·ãƒ¥ã‚¿ã‚°ï¼‰,ğŸ¬-TikTokæŠ•ç¨¿ãƒ†ãƒ³ãƒ—ãƒ¬ãƒ¼ãƒˆï¼ˆã‚¿ã‚¤ãƒˆãƒ«ï¼‹ãƒãƒƒã‚·ãƒ¥ã‚¿ã‚°ï¼‰.md,no,use-h1-title
notes\MK\ASMR\SNSã‚·ãƒ§ãƒ¼ãƒˆå‹•ç”»ãƒã‚ºã‚Šå¾¹åº•åˆ†æ.md,SNSã‚·ãƒ§ãƒ¼ãƒˆå‹•ç”»ãƒã‚ºã‚Šå¾¹åº•åˆ†æ,SNSã‚·ãƒ§ãƒ¼ãƒˆå‹•ç”»ãƒã‚ºã‚Šå¾¹åº•åˆ†æ.md,yes,use-file-stem
notes\MK\ASMR\tiktok asmrã‚­ãƒ£ãƒ—ã‚·ãƒ§ãƒ³é›†.md,ğŸ¬ TikTok ASMRå‹•ç”»ã‚¹ã‚¯ãƒªãƒ—ãƒˆ + ã‚­ãƒ£ãƒ—ã‚·ãƒ§ãƒ³é›†ï¼ˆã‚¬ãƒ©ã‚¹æœç‰©ï¼‰,ğŸ¬-TikTok-ASMRå‹•ç”»ã‚¹ã‚¯ãƒªãƒ—ãƒˆ-+-ã‚­ãƒ£ãƒ—ã‚·ãƒ§ãƒ³é›†ï¼ˆã‚¬ãƒ©ã‚¹æœç‰©ï¼‰.md,no,use-h1-title
notes\MK\ASMR\TikTok ASMRå‹•ç”»ä¼ç”».md,å¼•ç”¨æ–‡çŒ®,å¼•ç”¨æ–‡çŒ®.md,no,use-h1-title
notes\MK\ASMR\æ—¥æœ¬å›½å†…SNSãƒˆãƒ¬ãƒ³ãƒ‰åˆ†æãƒ¬ãƒãƒ¼ãƒˆ.md,æ—¥æœ¬å›½å†…SNSãƒˆãƒ¬ãƒ³ãƒ‰åˆ†æãƒ¬ãƒãƒ¼ãƒˆï¼šTikTokãƒ»Xãƒ»Instagramã®æœ€æ–°å‹•å‘ã¨å‹•ç”»åˆ¶ä½œã¸ã®å¿œç”¨æˆ¦ç•¥,æ—¥æœ¬å›½å†…SNSãƒˆãƒ¬ãƒ³ãƒ‰åˆ†æãƒ¬ãƒãƒ¼ãƒˆï¼šTikTokãƒ»Xãƒ»Instagramã®æœ€æ–°å‹•å‘ã¨å‹•ç”»åˆ¶ä½œã¸ã®å¿œç”¨æˆ¦ç•¥.md,no,use-h1-title
notes\MK\chatgpt\deepresearch\deepresearchå‘ã‘æ¤œç´¢ã‚¯ã‚¨ãƒªä¾‹.md,deepresearchå‘ã‘æ¤œç´¢ã‚¯ã‚¨ãƒªä¾‹,deepresearchå‘ã‘æ¤œç´¢ã‚¯ã‚¨ãƒªä¾‹.md,yes,use-file-stem
notes\MK\chatgpt\deepresearch\å‡ºåŠ›ãƒ¬ã‚¤ã‚¢ã‚¦ãƒˆä»•æ§˜ï¼ˆMarkdownï¼‰.md,TL;DR,TL;DR.md,no,use-h1-title
notes\MK\chatgpt\deepresearch\æ¡ç‚¹ãƒ«ãƒ¼ãƒ–ãƒªãƒƒã‚¯ï¼ˆJSONï¼š0â€“5ç‚¹ã€é‡ã¿ä»˜ãåˆè¨ˆã§æ¨å¥¨ã‚’æ±ºå®šï¼‰.md,æ¡ç‚¹ãƒ«ãƒ¼ãƒ–ãƒªãƒƒã‚¯ï¼ˆJSONï¼š0â€“5ç‚¹ã€é‡ã¿ä»˜ãåˆè¨ˆã§æ¨å¥¨ã‚’æ±ºå®šï¼‰,æ¡ç‚¹ãƒ«ãƒ¼ãƒ–ãƒªãƒƒã‚¯ï¼ˆJSONï¼š0â€“5ç‚¹ã€é‡ã¿ä»˜ãåˆè¨ˆã§æ¨å¥¨ã‚’æ±ºå®šï¼‰.md,yes,use-file-stem
notes\MK\chatgpt\deepresearch\æœ€çŸ­ç‰ˆãƒ—ãƒ­ãƒ³ãƒ—ãƒˆï¼ˆåŸ‹ã‚æ¸ˆã¿ãƒ»ã‚³ãƒ”ãƒšç”¨ï¼‰.md,æœ€çŸ­ç‰ˆãƒ—ãƒ­ãƒ³ãƒ—ãƒˆï¼ˆåŸ‹ã‚æ¸ˆã¿ãƒ»ã‚³ãƒ”ãƒšç”¨ï¼‰,æœ€çŸ­ç‰ˆãƒ—ãƒ­ãƒ³ãƒ—ãƒˆï¼ˆåŸ‹ã‚æ¸ˆã¿ãƒ»ã‚³ãƒ”ãƒšç”¨ï¼‰.md,yes,use-file-stem
notes\MK\chatgpt\deepresearch\è©³ç´°ãƒªã‚µãƒ¼ãƒãƒ»ãƒ–ãƒªãƒ¼ãƒ•ï¼ˆYAMLï¼šåŸ‹ã‚æ¸ˆã¿ãƒ»ç·¨é›†å¯ï¼‰.md,è©³ç´°ãƒªã‚µãƒ¼ãƒãƒ»ãƒ–ãƒªãƒ¼ãƒ•ï¼ˆYAMLï¼šåŸ‹ã‚æ¸ˆã¿ãƒ»ç·¨é›†å¯ï¼‰,è©³ç´°ãƒªã‚µãƒ¼ãƒãƒ»ãƒ–ãƒªãƒ¼ãƒ•ï¼ˆYAMLï¼šåŸ‹ã‚æ¸ˆã¿ãƒ»ç·¨é›†å¯ï¼‰.md,yes,use-file-stem
notes\MK\chatgpt\ideas\ChatGPT å‡ºåŠ› Obsidian ä¿å­˜.md,âœ… ç›®çš„,âœ…-ç›®çš„.md,no,use-h1-title
notes\MK\chatgpt\ideas\ãƒ€ã‚¤ã‚¨ãƒƒãƒˆè¨ˆç”»ãƒ—ãƒ­ãƒ³ãƒ—ãƒˆ_v2.md,ãƒ€ã‚¤ã‚¨ãƒƒãƒˆè¨ˆç”»ãƒ—ãƒ­ãƒ³ãƒ—ãƒˆ v2ï¼ˆãƒ—ãƒ­ãƒ³ãƒ—ãƒˆã‚¨ãƒ³ã‚¸ãƒ‹ã‚¢ãƒªãƒ³ã‚°æœ€é©åŒ–ç‰ˆï¼‰,ãƒ€ã‚¤ã‚¨ãƒƒãƒˆè¨ˆç”»ãƒ—ãƒ­ãƒ³ãƒ—ãƒˆ-v2ï¼ˆãƒ—ãƒ­ãƒ³ãƒ—ãƒˆã‚¨ãƒ³ã‚¸ãƒ‹ã‚¢ãƒªãƒ³ã‚°æœ€é©åŒ–ç‰ˆï¼‰.md,no,use-h1-title
notes\MK\chatgpt\pronmpts\tiktokå‹•ç”»ç”Ÿæˆãƒ—ãƒ­ãƒ³ãƒ—ãƒˆ1ï¸âƒ£.md,tiktokå‹•ç”»ç”Ÿæˆãƒ—ãƒ­ãƒ³ãƒ—ãƒˆ1ï¸âƒ£,tiktokå‹•ç”»ç”Ÿæˆãƒ—ãƒ­ãƒ³ãƒ—ãƒˆ1ï¸âƒ£.md,yes,use-file-stem
notes\MK\chatgpt\pronmpts\TikTokæŠ•ç¨¿ç”¨ã‚³ãƒ³ãƒ†ãƒ³ãƒ„è‡ªå‹•ç”Ÿæˆãƒ—ãƒ­ãƒ³ãƒ—ãƒˆ V4ï¼ˆASMRã‚¯ãƒªã‚¹ã‚¿ãƒ«æœç‰©ï¼‰.md,ğŸ¬ TikTokæŠ•ç¨¿ç”¨ã‚³ãƒ³ãƒ†ãƒ³ãƒ„è‡ªå‹•ç”Ÿæˆãƒ—ãƒ­ãƒ³ãƒ—ãƒˆ V4ï¼ˆASMR / ã‚¯ãƒªã‚¹ã‚¿ãƒ«æœç‰©ï¼‰,ğŸ¬-TikTokæŠ•ç¨¿ç”¨ã‚³ãƒ³ãƒ†ãƒ³ãƒ„è‡ªå‹•ç”Ÿæˆãƒ—ãƒ­ãƒ³ãƒ—ãƒˆ-V4ï¼ˆASMR-ã‚¯ãƒªã‚¹ã‚¿ãƒ«æœç‰©ï¼‰.md,no,use-h1-title
notes\MK\chatgpt\pronmpts\â˜…Prompt Create Prompt.md,å›ç­”ä¾‹ï¼ˆTikTokã§ãƒã‚ºã‚’ç‹™ã†AIå‹•ç”»ãƒ—ãƒ­ãƒ³ãƒ—ãƒˆç”Ÿæˆç”¨ï¼‰,å›ç­”ä¾‹ï¼ˆTikTokã§ãƒã‚ºã‚’ç‹™ã†AIå‹•ç”»ãƒ—ãƒ­ãƒ³ãƒ—ãƒˆç”Ÿæˆç”¨ï¼‰.md,no,use-h1-title
notes\MK\chatgpt\pronmpts\ã‚¯ãƒªã‚¹ã‚¿ãƒ«æœç‰©åˆ‡æ–­ASMRå‹•ç”»ç”Ÿæˆãƒ—ãƒ­ãƒ³ãƒ—ãƒˆ.md,ğŸ¯ ç›®çš„,ğŸ¯-ç›®çš„.md,no,use-h1-title
notes\MK\chatgpt\pronmpts\å‹•ç”»ç”Ÿæˆãƒ—ãƒ­ãƒ³ãƒ—ãƒˆ(meta3).md,ğŸ¯ ã‚ãªãŸã®ç›®çš„ï¼š,ğŸ¯-ã‚ãªãŸã®ç›®çš„ï¼š.md,no,use-h1-title
notes\MK\chatgpt\pronmpts\æ˜ åƒç”Ÿæˆãƒ„ãƒ¼ãƒ«å‘ã‘ãƒ—ãƒ­ãƒ³ãƒ—ãƒˆ.md,ğŸ¥ è‹±èªãƒ—ãƒ­ãƒ³ãƒ—ãƒˆï¼ˆæ˜ åƒç”Ÿæˆãƒ„ãƒ¼ãƒ«å‘ã‘ï¼‰,ğŸ¥-è‹±èªãƒ—ãƒ­ãƒ³ãƒ—ãƒˆï¼ˆæ˜ åƒç”Ÿæˆãƒ„ãƒ¼ãƒ«å‘ã‘ï¼‰.md,no,use-h1-title
notes\MK\chatgpt\pronmpts\æ·±å €ã‚Šprompt.md,æ·±å €ã‚Šprompt,æ·±å €ã‚Šprompt.md,yes,use-file-stem
notes\MK\chatgpt\pronmpts_output\Crystal Fruit ASMR Prompt Collection.md,ğŸ Crystal Fruit ASMR Prompt Collection,ğŸ-Crystal-Fruit-ASMR-Prompt-Collection.md,no,use-h1-title
notes\MK\chatgpt\pronmpts_output\crystal_fruit_prompts (1).md,Crystal Strawberry,Crystal-Strawberry.md,no,use-h1-title
notes\MK\chatgpt\pronmpts_output\crystal_fruit_prompts.md,crystal_fruit_prompts,crystal_fruit_prompts.md,yes,use-file-stem
notes\MK\chatgpt\pronmpts_output\crystal_fruit_prompts_v5.md,ğŸ¥ è‹±èªãƒ—ãƒ­ãƒ³ãƒ—ãƒˆ â€“ Crystal Lemon,ğŸ¥-è‹±èªãƒ—ãƒ­ãƒ³ãƒ—ãƒˆ-â€“-Crystal-Lemon.md,no,use-h1-title
notes\MK\chatgpt\pronmpts_output\Crystal_Video_Prompts_Veo.md,Crystal_Video_Prompts_Veo,Crystal_Video_Prompts_Veo.md,yes,use-file-stem
notes\MK\chatgpt\pronmpts_output\CrystalFruit_ASMR_Prompts_Veo (1).md,ğŸ Crystal Fruit ASMR Prompts for Veo,ğŸ-Crystal-Fruit-ASMR-Prompts-for-Veo.md,no,use-h1-title
notes\MK\chatgpt\pronmpts_output\cyber_crystal_food_prompts 1.md,1. Neon Seaweed Ramen â€“ Spiral Vortex Loop,1.-Neon-Seaweed-Ramen-â€“-Spiral-Vortex-Loop.md,no,use-h1-title
notes\MK\chatgpt\pronmpts_output\cyber_crystal_food_v2_all_1to10.md,2. Cyber Wasabi Gyoza â€“ Reactor Core Bloom (v2),2.-Cyber-Wasabi-Gyoza-â€“-Reactor-Core-Bloom-(v2).md,no,use-h1-title
notes\MK\chatgpt\Sora_prompt_output\sora_crystal_fruits_prompts.md,ğŸ‡ Soraç”¨ã‚¯ãƒªã‚¹ã‚¿ãƒ«æœç‰©ãƒ—ãƒ­ãƒ³ãƒ—ãƒˆé›†ï¼ˆ20ç¨®ï¼‰,ğŸ‡-Soraç”¨ã‚¯ãƒªã‚¹ã‚¿ãƒ«æœç‰©ãƒ—ãƒ­ãƒ³ãƒ—ãƒˆé›†ï¼ˆ20ç¨®ï¼‰.md,no,use-h1-title
notes\MK\chatgpt\Sora_prompt_output\sora_mechanical_mineral_fruits.md,ğŸ”§ Soraç”¨ãƒ—ãƒ­ãƒ³ãƒ—ãƒˆé›† â€“ æ©Ÿæ¢°æœç‰© & é‰±ç‰©æœç‰©ï¼ˆ6ç¨®ï¼‰,ğŸ”§-Soraç”¨ãƒ—ãƒ­ãƒ³ãƒ—ãƒˆé›†-â€“-æ©Ÿæ¢°æœç‰©-&-é‰±ç‰©æœç‰©ï¼ˆ6ç¨®ï¼‰.md,no,use-h1-title
notes\MK\chatgpt\Template\prompt-eval-template.md,ğŸ“Š ãƒ—ãƒ­ãƒ³ãƒ—ãƒˆè©•ä¾¡ãƒ†ãƒ³ãƒ—ãƒ¬ãƒ¼ãƒˆ,ğŸ“Š-ãƒ—ãƒ­ãƒ³ãƒ—ãƒˆè©•ä¾¡ãƒ†ãƒ³ãƒ—ãƒ¬ãƒ¼ãƒˆ.md,no,use-h1-title
notes\MK\chatgpt\Template\Soraç”¨æ˜ åƒç”Ÿæˆãƒ—ãƒ­ãƒ³ãƒ—ãƒˆãƒ†ãƒ³ãƒ—ãƒ¬ãƒ¼ãƒˆï¼ˆè‹±èªï¼‰.md,ğŸ¥ Soraç”¨æ˜ åƒç”Ÿæˆãƒ—ãƒ­ãƒ³ãƒ—ãƒˆãƒ†ãƒ³ãƒ—ãƒ¬ãƒ¼ãƒˆï¼ˆè‹±èªï¼‰,ğŸ¥-Soraç”¨æ˜ åƒç”Ÿæˆãƒ—ãƒ­ãƒ³ãƒ—ãƒˆãƒ†ãƒ³ãƒ—ãƒ¬ãƒ¼ãƒˆï¼ˆè‹±èªï¼‰.md,no,use-h1-title
notes\MK\chatgpt\Template\Veoç”¨æ˜ åƒç”Ÿæˆãƒ—ãƒ­ãƒ³ãƒ—ãƒˆãƒ†ãƒ³ãƒ—ãƒ¬ãƒ¼ãƒˆï¼ˆè‹±èªï¼‰.md,ğŸ¥ Veoç”¨æ˜ åƒç”Ÿæˆãƒ—ãƒ­ãƒ³ãƒ—ãƒˆãƒ†ãƒ³ãƒ—ãƒ¬ãƒ¼ãƒˆï¼ˆè‹±èªï¼‰,ğŸ¥-Veoç”¨æ˜ åƒç”Ÿæˆãƒ—ãƒ­ãƒ³ãƒ—ãƒˆãƒ†ãƒ³ãƒ—ãƒ¬ãƒ¼ãƒˆï¼ˆè‹±èªï¼‰.md,no,use-h1-title
notes\MK\Clippings\2025å¹´ç‰ˆ ç”ŸæˆAIãƒ»å¤§è¦æ¨¡è¨€èªãƒ¢ãƒ‡ãƒ«ã‚’å­¦ã¶ãŸã‚ã®30å†Šï¼ˆå¿…é ˆ5å†Š+å®šç•ª15å†Š+å·®ã‚’ã¤ã‘ã‚‹10å†Šï¼‰.md,ãƒ¦ãƒ¼ã‚¶ç³»,ãƒ¦ãƒ¼ã‚¶ç³».md,no,use-h1-title
notes\MK\Clippings\ChatGPTã«æ‚©ã¿ã‚’ç›¸è«‡ã—ç¶šã‘ã¦4ã‚«æœˆã€ã€Œã‚ã€ãƒ¤ãƒã„ã‹ã‚‚ã€ã¨æ€ã£ãŸè©±.md,è¨€èªåŒ–ã™ã‚‹ã“ã¨ã®å¼Šå®³,è¨€èªåŒ–ã™ã‚‹ã“ã¨ã®å¼Šå®³.md,no,use-h1-title
notes\MK\Clippings\Claude Code Hooksã¨Gemini CLIã§å§‹ã‚ã‚‹AIãƒ‘ã‚¤ãƒ—ãƒ©ã‚¤ãƒ³å®Ÿè¡Œï½œæ¾æ¿¤Vimmer.md,Claude Code Hooksã¨Gemini CLIã§å§‹ã‚ã‚‹AIãƒ‘ã‚¤ãƒ—ãƒ©ã‚¤ãƒ³å®Ÿè¡Œ,Claude-Code-Hooksã¨Gemini-CLIã§å§‹ã‚ã‚‹AIãƒ‘ã‚¤ãƒ—ãƒ©ã‚¤ãƒ³å®Ÿè¡Œ.md,no,use-h1-title
notes\MK\Clippings\Codex CLIã‚’ä½¿ã„ã“ãªã™ãŸã‚ã®æ©Ÿèƒ½ãƒ»è¨­å®šã¾ã¨ã‚.md,ã¯ã˜ã‚ã«,ã¯ã˜ã‚ã«.md,no,use-h1-title
notes\MK\Clippings\FF14ç·åˆåˆ†æã¨æˆ¦ç•¥è€ƒå¯Ÿ.md,FF14ç·åˆåˆ†æã¨æˆ¦ç•¥è€ƒå¯Ÿ,FF14ç·åˆåˆ†æã¨æˆ¦ç•¥è€ƒå¯Ÿ.md,yes,use-file-stem
notes\MK\Clippings\Findings from a Pilot Anthropic - OpenAI Alignment Evaluation Exercise.md,ãƒ‘ã‚¤ãƒ­ãƒƒãƒˆã‚¢ãƒ³ãƒˆãƒ­ãƒ”ãƒƒã‚¯ - OpenAIã‚¢ãƒ©ã‚¤ãƒ¡ãƒ³ãƒˆè©•ä¾¡æ¼”ç¿’ã‹ã‚‰ã®çŸ¥è¦‹,ãƒ‘ã‚¤ãƒ­ãƒƒãƒˆã‚¢ãƒ³ãƒˆãƒ­ãƒ”ãƒƒã‚¯-OpenAIã‚¢ãƒ©ã‚¤ãƒ¡ãƒ³ãƒˆè©•ä¾¡æ¼”ç¿’ã‹ã‚‰ã®çŸ¥è¦‹.md,no,use-h1-title
notes\MK\Clippings\Findings from a pilot Anthropicâ€“OpenAI alignment evaluation exercise OpenAI Safety Tests.md,å°å…¥,å°å…¥.md,no,use-h1-title
"notes\MK\Clippings\GPT, Gemini, Claudeä½¿ã„åˆ†ã‘2025å¹´9æœˆåˆã‚ãƒãƒ¼ã‚¸ãƒ§ãƒ³ï½œerukiti.md","GPT, Gemini, Claudeä½¿ã„åˆ†ã‘2025å¹´9æœˆåˆã‚ãƒãƒ¼ã‚¸ãƒ§ãƒ³","GPT,-Gemini,-Claudeä½¿ã„åˆ†ã‘2025å¹´9æœˆåˆã‚ãƒãƒ¼ã‚¸ãƒ§ãƒ³.md",no,use-h1-title
notes\MK\Clippings\kindle unlimited + Obsidianã€€ãŒèª­æ›¸ã«ãŠã„ã¦æœ€å¼·ãªè©±ï½œtomo@ãƒ“ã‚¸ãƒã‚¹ã‚¹ã‚­ãƒ«å‘ä¸Šã®ãŠæ‰‹ä¼ã„.md,kindle unlimited + Obsidianã€€ãŒèª­æ›¸ã«ãŠã„ã¦æœ€å¼·ãªè©±ï½œtomo@ãƒ“ã‚¸ãƒã‚¹ã‚¹ã‚­ãƒ«å‘ä¸Šã®ãŠæ‰‹ä¼ã„,kindle-unlimited-+-Obsidian-ãŒèª­æ›¸ã«ãŠã„ã¦æœ€å¼·ãªè©±ï½œtomo@ãƒ“ã‚¸ãƒã‚¹ã‚¹ã‚­ãƒ«å‘ä¸Šã®ãŠæ‰‹ä¼ã„.md,no,use-file-stem
notes\MK\Clippings\MODæ–‡åŒ–ã¨MODãƒ„ãƒ¼ãƒ«ã®ä½¿ç”¨ã«ã¤ã„ã¦.md,ãƒˆãƒ”ãƒƒã‚¯ã‚¹,ãƒˆãƒ”ãƒƒã‚¯ã‚¹.md,no,use-h1-title
notes\MK\Clippings\o3 MCPã§Claude CodeãŒæœ€å¼·ã®æ¤œç´¢åŠ›ã‚’æ‰‹ã«å…¥ã‚ŒãŸ.md,ç™»éŒ²æ–¹æ³•,ç™»éŒ²æ–¹æ³•.md,no,use-h1-title
notes\MK\Clippings\ObsidianÃ—Cursorã®æ´»ç”¨æ–¹æ³•ï¼šçŸ¥çš„ç”Ÿç”£ã®ã‚·ãƒŠã‚¸ãƒ¼ã‚’æœ€å¤§åŒ–ï½œShin.md,ObsidianÃ—Cursorã®æ´»ç”¨æ–¹æ³•ï¼šçŸ¥çš„ç”Ÿç”£ã®ã‚·ãƒŠã‚¸ãƒ¼ã‚’æœ€å¤§åŒ–,ObsidianÃ—Cursorã®æ´»ç”¨æ–¹æ³•ï¼šçŸ¥çš„ç”Ÿç”£ã®ã‚·ãƒŠã‚¸ãƒ¼ã‚’æœ€å¤§åŒ–.md,no,use-h1-title
notes\MK\Clippings\Obsidianã‚’ãƒ¯ã‚¿ã‚·ã¯ã“ã†ä½¿ã£ã¦ãŠã‚Šã¾ã™ã€‚å®Ÿéš›ã®ä½¿ã„æ–¹ã¨åŒæœŸã«ã¤ã„ã¦ã®ãŠè©±ã€‚ï½œãŠã‹ã‹å®¹ç–‘è€….md,Obsidianã‚’ãƒ¯ã‚¿ã‚·ã¯ã“ã†ä½¿ã£ã¦ãŠã‚Šã¾ã™ã€‚å®Ÿéš›ã®ä½¿ã„æ–¹ã¨åŒæœŸã«ã¤ã„ã¦ã®ãŠè©±ã€‚,Obsidianã‚’ãƒ¯ã‚¿ã‚·ã¯ã“ã†ä½¿ã£ã¦ãŠã‚Šã¾ã™ã€‚å®Ÿéš›ã®ä½¿ã„æ–¹ã¨åŒæœŸã«ã¤ã„ã¦ã®ãŠè©±ã€‚.md,no,use-h1-title
notes\MK\Clippings\RTA in Japan 2025å¹´å¤.md,2025å¹´å¤å­£ æ—¥æœ¬ã«ãŠã‘ã‚‹RTA,2025å¹´å¤å­£-æ—¥æœ¬ã«ãŠã‘ã‚‹RTA.md,no,use-h1-title
notes\MK\Clippings\ã€Œé€²æ—ã©ã†ã§ã™ã‹ï¼Ÿã€ãŒæ€–ããªããªã‚‹æ€è€ƒæ³• - ã€Œä½œæ¥­ãƒ­ã‚°ã€ã‹ã‚‰ã€Œæœªæ¥ã®åœ°å›³ã€ã¸.md,ã¯ã˜ã‚ã«,ã¯ã˜ã‚ã«.md,no,use-h1-title
notes\MK\Clippings\ã€2025å¹´æœ€æ–°ã€‘Obsidian Ã— AIã§ãƒ¡ãƒ¢ãŒå¤‰ã‚ã‚‹ï¼ç„¡æ–™ãƒ—ãƒ©ã‚°ã‚¤ãƒ³ã€ŒSmart Composerã€ã‚’å¾¹åº•è§£èª¬ã—ã¾ã™ï¼.md,ã€2025å¹´æœ€æ–°ã€‘Obsidian Ã— AIã§ãƒ¡ãƒ¢ãŒå¤‰ã‚ã‚‹ï¼ç„¡æ–™ãƒ—ãƒ©ã‚°ã‚¤ãƒ³ã€ŒSmart Composerã€ã‚’å¾¹åº•è§£èª¬ã—ã¾ã™ï¼,ã€2025å¹´æœ€æ–°ã€‘Obsidian-Ã—-AIã§ãƒ¡ãƒ¢ãŒå¤‰ã‚ã‚‹ï¼ç„¡æ–™ãƒ—ãƒ©ã‚°ã‚¤ãƒ³ã€ŒSmart-Composerã€ã‚’å¾¹åº•è§£èª¬ã—ã¾ã™ï¼.md,no,use-file-stem
notes\MK\Clippings\ã€ObsidianÃ—Cursorã€‘AIæ™‚ä»£ã®çŸ¥çš„ç”Ÿç”£è¡“ï¼ä½¿ã„æ–¹ã‚„æ´»ç”¨äº‹ä¾‹ã¾ã§å¾¹åº•è§£èª¬ï½œChatGPTç ”ç©¶æ‰€.md,ã€ObsidianÃ—Cursorã€‘AIæ™‚ä»£ã®çŸ¥çš„ç”Ÿç”£è¡“ï¼ä½¿ã„æ–¹ã‚„æ´»ç”¨äº‹ä¾‹ã¾ã§å¾¹åº•è§£èª¬,ã€ObsidianÃ—Cursorã€‘AIæ™‚ä»£ã®çŸ¥çš„ç”Ÿç”£è¡“ï¼ä½¿ã„æ–¹ã‚„æ´»ç”¨äº‹ä¾‹ã¾ã§å¾¹åº•è§£èª¬.md,no,use-h1-title
notes\MK\Clippings\ã€Obsidianã®ä½¿ã„æ–¹ãŒå¤‰ã‚ã‚‹ã€‘Gemini CLIã¯ã€ã‚ãªãŸã®æ€è€ƒã«å¯„ã‚Šæ·»ã†ã€Œç„¡æ–™ã®åŸ·äº‹ã€ï½œå°‘ã—æ˜ã‚‹ã„é«˜æ©‹ãã‚“.md,ã€Obsidianã®ä½¿ã„æ–¹ãŒå¤‰ã‚ã‚‹ã€‘Gemini CLIã¯ã€ã‚ãªãŸã®æ€è€ƒã«å¯„ã‚Šæ·»ã†ã€Œç„¡æ–™ã®åŸ·äº‹ã€,ã€Obsidianã®ä½¿ã„æ–¹ãŒå¤‰ã‚ã‚‹ã€‘Gemini-CLIã¯ã€ã‚ãªãŸã®æ€è€ƒã«å¯„ã‚Šæ·»ã†ã€Œç„¡æ–™ã®åŸ·äº‹ã€.md,no,use-h1-title
notes\MK\Clippings\ã€Suno.aiã§ç¨¼ãâ‘£ã€‘Spotifyé…ä¿¡ã‹ã‚‰3ãƒ¶æœˆã€ã¤ã„ã«ã€‡ä¸‡å††ç¨¼ã’ã¾ã—ãŸã€‚ï½œAI FREAK - æœ€æ–°ã®AIãƒ„ãƒ¼ãƒ«ã‚’ã”ç´¹ä»‹ 1.md,ã€ç¬¬1å¼¾ã€‘,ã€ç¬¬1å¼¾ã€‘.md,no,use-h1-title
notes\MK\Clippings\ã€å¿…è¦‹ã€‘æ”¹è‰¯ç‰ˆã¾ã˜ã‚“å¼ãƒ—ãƒ­ãƒ³ãƒ—ãƒˆï¼ï½œã¾ã˜ã‚“.md,"ã€å¿…è¦‹ã€‘""æ”¹è‰¯ç‰ˆ""ã¾ã˜ã‚“å¼ãƒ—ãƒ­ãƒ³ãƒ—ãƒˆï¼",ã€å¿…è¦‹ã€‘æ”¹è‰¯ç‰ˆã¾ã˜ã‚“å¼ãƒ—ãƒ­ãƒ³ãƒ—ãƒˆï¼.md,no,use-h1-title
notes\MK\Clippings\ã‚‚ã†æ‰‹æ”¾ã›ãªã„ï¼Gemini ã® NotebookLMã€Deep Researchã€Canvas ã§æ€è€ƒã‚’åŠ é€Ÿï¼ˆGoogle Cloud Next Tokyo '25ã‚»ãƒƒã‚·ãƒ§ãƒ³ãƒ¬ãƒãƒ¼ãƒˆï¼‰.md,ã‚»ãƒƒã‚·ãƒ§ãƒ³ã®æ¦‚è¦,ã‚»ãƒƒã‚·ãƒ§ãƒ³ã®æ¦‚è¦.md,no,use-h1-title
notes\MK\Clippings\å€‹äººé–‹ç™ºã§æœˆ20ä¸‡å††ã‚’ç›®æŒ‡ã™ãŸã‚ã®è€ƒãˆæ–¹.md,é–‹ç™ºã—ãŸã‚¢ãƒ—ãƒª,é–‹ç™ºã—ãŸã‚¢ãƒ—ãƒª.md,no,use-h1-title
notes\MK\Clippings\å…ˆè¼©ç¤¾å“¡ãŒã©ã†ã‚„ã£ã¦ä¸å…·åˆã‚’è§£æ±ºã—ã¦ã„ã‚‹ã®ã‹ 1.md,è‡ªå·±ç´¹ä»‹,è‡ªå·±ç´¹ä»‹.md,no,use-h1-title
notes\MK\Clippings\æ–°Codex CLIã®ä½¿ã„æ–¹.md,ã‚µãƒ–ã‚¹ã‚¯ãƒªãƒ—ã‚·ãƒ§ãƒ³ã®åˆ¶é™,ã‚µãƒ–ã‚¹ã‚¯ãƒªãƒ—ã‚·ãƒ§ãƒ³ã®åˆ¶é™.md,no,use-h1-title
notes\MK\Clippings\è§’ç”°è£•æ¯… F1ã‚ªãƒ©ãƒ³ãƒ€GPå±•æœ›ã€Œç²¾ç¥çš„ã«ã‚‚è‚‰ä½“çš„ã«ã‚‚å¼·ããªã‚ŒãŸã€.md,è§’ç”°è£•æ¯… F1ã‚ªãƒ©ãƒ³ãƒ€GPå±•æœ›ã€Œç²¾ç¥çš„ã«ã‚‚è‚‰ä½“çš„ã«ã‚‚å¼·ããªã‚ŒãŸã€,è§’ç”°è£•æ¯…-F1ã‚ªãƒ©ãƒ³ãƒ€GPå±•æœ›ã€Œç²¾ç¥çš„ã«ã‚‚è‚‰ä½“çš„ã«ã‚‚å¼·ããªã‚ŒãŸã€.md,no,use-file-stem
notes\MK\Clippings\è§£åƒåº¦ã‚’ä¸Šã’ã‚‹ ğŸ”¬.md,é¦¬ç”°éš†æ˜ / é¦¬ç”°éš†æ˜,é¦¬ç”°éš†æ˜-é¦¬ç”°éš†æ˜.md,no,use-h1-title
notes\MK\Clippings\éã‚¨ãƒ³ã‚¸ãƒ‹ã‚¢ã§ã‚‚ã§ãã‚‹ï¼AIé§†å‹•PMã®å¯èƒ½æ€§ã€€ã€œ Obsidian Ã— Cursor ã€œï½œã™ã…  AIé§†å‹•PM.md,éã‚¨ãƒ³ã‚¸ãƒ‹ã‚¢ã§ã‚‚ã§ãã‚‹ï¼AIé§†å‹•PMã®å¯èƒ½æ€§ã€€ã€œ Obsidian Ã— Cursor ã€œ,éã‚¨ãƒ³ã‚¸ãƒ‹ã‚¢ã§ã‚‚ã§ãã‚‹ï¼AIé§†å‹•PMã®å¯èƒ½æ€§-ã€œ-Obsidian-Ã—-Cursor-ã€œ.md,no,use-h1-title
notes\MK\copilot-custom-prompts\Emojify.md,Emojify,Emojify.md,yes,use-file-stem
notes\MK\copilot-custom-prompts\Explain like I am 5.md,Explain like I am 5,Explain-like-I-am-5.md,no,use-file-stem
notes\MK\copilot-custom-prompts\Fix grammar and spelling.md,Fix grammar and spelling,Fix-grammar-and-spelling.md,no,use-file-stem
notes\MK\copilot-custom-prompts\Generate glossary.md,Generate glossary,Generate-glossary.md,no,use-file-stem
notes\MK\copilot-custom-prompts\Generate table of contents.md,Generate table of contents,Generate-table-of-contents.md,no,use-file-stem
notes\MK\copilot-custom-prompts\Make longer.md,Make longer,Make-longer.md,no,use-file-stem
notes\MK\copilot-custom-prompts\Make shorter.md,Make shorter,Make-shorter.md,no,use-file-stem
notes\MK\copilot-custom-prompts\Remove URLs.md,Remove URLs,Remove-URLs.md,no,use-file-stem
notes\MK\copilot-custom-prompts\Rewrite as tweet thread.md,Rewrite as tweet thread,Rewrite-as-tweet-thread.md,no,use-file-stem
notes\MK\copilot-custom-prompts\Rewrite as tweet.md,Rewrite as tweet,Rewrite-as-tweet.md,no,use-file-stem
notes\MK\copilot-custom-prompts\Simplify.md,Simplify,Simplify.md,yes,use-file-stem
notes\MK\copilot-custom-prompts\Summarize.md,Summarize,Summarize.md,yes,use-file-stem
notes\MK\copilot-custom-prompts\Translate to Chinese.md,Translate to Chinese,Translate-to-Chinese.md,no,use-file-stem
notes\MK\daily\2025-05-01.md,2025-05-01,2025-05-01.md,yes,use-file-stem
notes\MK\daily\2025-06-29.md,2025-06-29,2025-06-29.md,yes,use-file-stem
notes\MK\daily\2025-06-30.md,2025-06-30,2025-06-30.md,yes,use-file-stem
notes\MK\daily\2025-07-01.md,2025-07-01,2025-07-01.md,yes,use-file-stem
notes\MK\daily\2025-13-01.md,2025-13-01,2025-13-01.md,yes,use-file-stem
notes\MK\gemini 2.5 proã§ã‚¹ãƒ©ã‚¤ãƒ‰ç”Ÿæˆã•ã›ã‚‹(deep reserarchçµæœã‚’æ¸¡ã™).md,**1.0 PRIMARY\_OBJECTIVE â€” æœ€çµ‚ç›®æ¨™**,1.0-PRIMARY_OBJECTIVE-â€”-æœ€çµ‚ç›®æ¨™.md,no,use-h1-title
notes\MK\iPhoneClip\Obsidianã¨Gemini CLIã§çŸ¥è­˜ã‚’è‚²ã¦ã‚‹ï¼šç¬¬äºŒã®è„³ã‚’æ§‹ç¯‰ã™ã‚‹å®Ÿè·µã‚¬ã‚¤ãƒ‰.md,ã¯ã˜ã‚ã«,ã¯ã˜ã‚ã«.md,no,use-h1-title
notes\MK\iPhoneClip\ç§‘å­¦çš„ã«ã‚ã‹ã£ã¦ããŸã€é‹ãŒã„ã„äººã®æ­£ä½“.md,ç§‘å­¦ãŒè¨¼æ˜ã—ãŸã€Œé‹ã‚’ä½œã‚‹æ€ã„è¾¼ã¿ã€,ç§‘å­¦ãŒè¨¼æ˜ã—ãŸã€Œé‹ã‚’ä½œã‚‹æ€ã„è¾¼ã¿ã€.md,no,use-h1-title
notes\MK\README.md,"ffxiv-return-agent (Windows 11-friendly skeleton, .NET 8)","ffxiv-return-agent-(Windows-11-friendly-skeleton,-.NET-8).md",no,use-h1-title
notes\MK\restaurant\ãƒ©ãƒ³ãƒ‰ãƒ¼ã‚º æ± è¢‹æ±å£é§…å‰åº— ï¼ˆLANDooZï¼‰ã®ã”äºˆç´„ - æ± è¢‹å±…é…’å±‹  é£Ÿã¹ãƒ­ã‚°.md,NEW OPENâ—†æ± è¢‹é§…1åˆ†â—†è‚‰æ–™ç†ã‚„ä¸–ç•Œã®ã‚¯ãƒ©ãƒ•ãƒˆãƒ“ãƒ¼ãƒ«ãŒæ¥½ã—ã‚ã‚‹å¤§äººã®éš ã‚Œå®¶ã€‚å€‹å®¤ã‚ã‚Šâ—,NEW-OPENâ—†æ± è¢‹é§…1åˆ†â—†è‚‰æ–™ç†ã‚„ä¸–ç•Œã®ã‚¯ãƒ©ãƒ•ãƒˆãƒ“ãƒ¼ãƒ«ãŒæ¥½ã—ã‚ã‚‹å¤§äººã®éš ã‚Œå®¶ã€‚å€‹å®¤ã‚ã‚Šâ—.md,no,use-h1-title
notes\MK\restaurant\å†…è¦³å†™çœŸ   æ˜”ã°ãªã— åˆ¥é¤¨ ï¼ˆãƒ ã‚«ã‚·ãƒãƒŠã‚·ï¼‰ - æ± è¢‹å±…é…’å±‹  é£Ÿã¹ãƒ­ã‚°.md,åº—èˆ—åŸºæœ¬æƒ…å ±,åº—èˆ—åŸºæœ¬æƒ…å ±.md,no,use-h1-title
notes\MK\restaurant\åœ°å›³  ç«‹å–°ã„å¯¿å¸ ã‚ãã‚‰ - æ–°æ©‹ç«‹ã¡é£Ÿã„å¯¿å¸  é£Ÿã¹ãƒ­ã‚°.md,åœ°å›³  ç«‹å–°ã„å¯¿å¸ ã‚ãã‚‰ - æ–°æ©‹ç«‹ã¡é£Ÿã„å¯¿å¸  é£Ÿã¹ãƒ­ã‚°,åœ°å›³-ç«‹å–°ã„å¯¿å¸-ã‚ãã‚‰-æ–°æ©‹ç«‹ã¡é£Ÿã„å¯¿å¸-é£Ÿã¹ãƒ­ã‚°.md,no,use-file-stem
notes\MK\restaurant\ç„¼é¶ å‰å·ã®ã”äºˆç´„ - ä»£ã€…æœ¨ç„¼ãé³¥  é£Ÿã¹ãƒ­ã‚°.md,ä»£ã€…æœ¨é§…1åˆ†â—†ã™ã¹ã¦ã€æ‰‹ä½œã‚Šã§ã™ï¼ã‚ã£ãŸã‹ã„å±…é…’å±‹ã•ã‚“ï¼,ä»£ã€…æœ¨é§…1åˆ†â—†ã™ã¹ã¦ã€æ‰‹ä½œã‚Šã§ã™ï¼ã‚ã£ãŸã‹ã„å±…é…’å±‹ã•ã‚“ï¼.md,no,use-h1-title
notes\MK\textgenerator\configs\llm\config_6-29135137.json.md,config_6-29135137.json,config_6-29135137.json.md,yes,use-file-stem
notes\MK\æ¸›é‡\90kgâ†’70kg_æ¸›é‡è¨ˆç”».md,æ¸›é‡è¨ˆç”»å…¨ä½“æ¦‚è¦ï¼ˆ90kg â†’ 70kgï¼‰,æ¸›é‡è¨ˆç”»å…¨ä½“æ¦‚è¦ï¼ˆ90kg-â†’-70kgï¼‰.md,no,use-h1-title
notes\MK\æ¸›é‡\ã‚¹ãƒˆãƒ¬ãƒƒãƒï¼†æœ‰é…¸ç´ ãƒ¡ãƒ‹ãƒ¥ãƒ¼è©³ç´°ï¼ˆ90kgâ†’70kg æ¸›é‡æ”¯æ´ï¼‰.md,ã‚¹ãƒˆãƒ¬ãƒƒãƒï¼†æœ‰é…¸ç´ ãƒ¡ãƒ‹ãƒ¥ãƒ¼è©³ç´°ï¼ˆ90kgâ†’70kg æ¸›é‡æ”¯æ´ï¼‰,ã‚¹ãƒˆãƒ¬ãƒƒãƒï¼†æœ‰é…¸ç´ ãƒ¡ãƒ‹ãƒ¥ãƒ¼è©³ç´°ï¼ˆ90kgâ†’70kg-æ¸›é‡æ”¯æ´ï¼‰.md,no,use-h1-title
notes\MK\æ¸›é‡\ãƒ€ã‚¤ã‚¨ãƒƒãƒˆè¨ˆç”»_Kanban_Phase1_2.md.md,ğŸ“… Phase 1ï¼šå°å…¥æœŸï¼ˆé€±1ã€œ4ï¼‰,ğŸ“…-Phase-1ï¼šå°å…¥æœŸï¼ˆé€±1ã€œ4ï¼‰.md,no,use-h1-title
notes\MK\èª¿æŸ»ãƒã‚§ãƒƒã‚¯ãƒªã‚¹ãƒˆ.md,èª¿æŸ»ãƒã‚§ãƒƒã‚¯ãƒªã‚¹ãƒˆï¼ˆå€‹äººå‘ã‘ãƒ»Obsidian/Notionå›ºæœ‰ã®ç¢ºèªè¦³ç‚¹ï¼‰,èª¿æŸ»ãƒã‚§ãƒƒã‚¯ãƒªã‚¹ãƒˆï¼ˆå€‹äººå‘ã‘ãƒ»ObsidianNotionå›ºæœ‰ã®ç¢ºèªè¦³ç‚¹ï¼‰.md,no,use-h1-title
