file,has_yaml,missing,title_current,title_h1,title_proposed,tags_count,tags_over_limit,status_current,status_proposed,created_current,created_proposed,updated_current,updated_proposed,aliases_count,source_count,issues
notes\MK\10_research\2025-06-29.md,yes,title status created updated,,,2025-06-29,5,no,,draft,,2025-06-29,,2025-09-06,0,0,
notes\MK\10_research\2025-06-30.md,yes,title status created updated,,,2025-06-30,4,no,,draft,,2025-06-30,,2025-09-06,0,0,
notes\MK\10_research\2025-07-01.md,yes,title status created updated,,,2025-07-01,5,no,,draft,,2025-07-01,,2025-09-06,0,0,
notes\MK\10_research\2025-07-02.md,yes,title status created updated,,,2025-07-02,1,no,,draft,,2025-07-02,,2025-09-06,0,0,
notes\MK\10_research\2025-08-29.md,yes,title status created updated,,,2025-08-29,2,no,,draft,,2025-08-29,,2025-09-06,0,0,
notes\MK\10_research\2025-13-01.md,yes,title status created updated,,,2025-13-01,2,no,,draft,,2025-09-01,,2025-09-06,0,0,
notes\MK\10_research\2025å¹´ç‰ˆ ç”ŸæˆAIãƒ»å¤§è¦æ¨¡è¨€èªãƒ¢ãƒ‡ãƒ«ã‚’å­¦ã¶ãŸã‚ã®30å†Šï¼ˆå¿…é ˆ5å†Š+å®šç•ª15å†Š+å·®ã‚’ã¤ã‘ã‚‹10å†Šï¼‰.md,yes,status updated,2025å¹´ç‰ˆ ç”ŸæˆAIãƒ»å¤§è¦æ¨¡è¨€èªãƒ¢ãƒ‡ãƒ«ã‚’å­¦ã¶ãŸã‚ã®30å†Šï¼ˆå¿…é ˆ5å†Š+å®šç•ª15å†Š+å·®ã‚’ã¤ã‘ã‚‹10å†Šï¼‰,ãƒ¦ãƒ¼ã‚¶ç³»,,5,no,,draft,2025-09-01,,,2025-09-06,0,0,
notes\MK\10_research\ChatGPTã«æ‚©ã¿ã‚’ç›¸è«‡ã—ç¶šã‘ã¦4ã‚«æœˆã€ã€Œã‚ã€ãƒ¤ãƒã„ã‹ã‚‚ã€ã¨æ€ã£ãŸè©±.md,yes,status updated,ChatGPTã«æ‚©ã¿ã‚’ç›¸è«‡ã—ç¶šã‘ã¦4ã‚«æœˆã€ã€Œã‚ã€ãƒ¤ãƒã„ã‹ã‚‚ã€ã¨æ€ã£ãŸè©±,è¨€èªåŒ–ã™ã‚‹ã“ã¨ã®å¼Šå®³,,5,no,,draft,2025-06-29,,,2025-09-06,0,0,
notes\MK\10_research\config_6-29135137.json.md,yes,title status created updated,,,config_6-29135137.json,4,no,,draft,,2025-06-29,,2025-09-06,0,0,
notes\MK\10_research\deepresearchå‘ã‘æ¤œç´¢ã‚¯ã‚¨ãƒªä¾‹.md,yes,title status created updated,,,deepresearchå‘ã‘æ¤œç´¢ã‚¯ã‚¨ãƒªä¾‹,5,no,,draft,,2025-09-06,,2025-09-06,0,0,
notes\MK\10_research\Emojify.md,yes,title status created updated,,,Emojify,5,no,,draft,,2025-06-29,,2025-09-06,0,0,
notes\MK\10_research\Explain like I am 5.md,yes,title status created updated,,,Explain like I am 5,5,no,,draft,,2025-06-29,,2025-09-06,0,0,
notes\MK\10_research\FF14ç·åˆåˆ†æã¨æˆ¦ç•¥è€ƒå¯Ÿ.md,yes,status updated,FF14ç·åˆåˆ†æã¨æˆ¦ç•¥è€ƒå¯Ÿ,,,5,no,,draft,2025-07-01,,,2025-09-06,0,0,
notes\MK\10_research\Findings from a Pilot Anthropic - OpenAI Alignment Evaluation Exercise.md,yes,status updated,Findings from a Pilot Anthropic - OpenAI Alignment Evaluation Exercise,ãƒ‘ã‚¤ãƒ­ãƒƒãƒˆã‚¢ãƒ³ãƒˆãƒ­ãƒ”ãƒƒã‚¯ - OpenAIã‚¢ãƒ©ã‚¤ãƒ¡ãƒ³ãƒˆè©•ä¾¡æ¼”ç¿’ã‹ã‚‰ã®çŸ¥è¦‹,,5,no,,draft,2025-08-29,,,2025-09-06,0,0,
notes\MK\10_research\Findings from a pilot Anthropicâ€“OpenAI alignment evaluation exercise OpenAI Safety Tests.md,yes,status updated,Findings from a pilot Anthropicâ€“OpenAI alignment evaluation exercise: OpenAI Safety Tests,å°å…¥,,5,no,,draft,2025-08-29,,,2025-09-06,0,0,
notes\MK\10_research\Fix grammar and spelling.md,yes,title status created updated,,,Fix grammar and spelling,5,no,,draft,,2025-06-29,,2025-09-06,0,0,
notes\MK\10_research\Generate table of contents.md,yes,title status created updated,,,Generate table of contents,5,no,,draft,,2025-06-29,,2025-09-06,0,0,
"notes\MK\10_research\GPT, Gemini, Claudeä½¿ã„åˆ†ã‘2025å¹´9æœˆåˆã‚ãƒãƒ¼ã‚¸ãƒ§ãƒ³ï½œerukiti.md",yes,status updated,"GPT, Gemini, Claudeä½¿ã„åˆ†ã‘2025å¹´9æœˆåˆã‚ãƒãƒ¼ã‚¸ãƒ§ãƒ³ï½œerukiti","GPT, Gemini, Claudeä½¿ã„åˆ†ã‘2025å¹´9æœˆåˆã‚ãƒãƒ¼ã‚¸ãƒ§ãƒ³",,5,no,,draft,2025-09-04,,,2025-09-06,0,0,
notes\MK\10_research\kindle unlimited + Obsidianã€€ãŒèª­æ›¸ã«ãŠã„ã¦æœ€å¼·ãªè©±ï½œtomo@ãƒ“ã‚¸ãƒã‚¹ã‚¹ã‚­ãƒ«å‘ä¸Šã®ãŠæ‰‹ä¼ã„.md,yes,status updated,kindle unlimited + Obsidianã€€ãŒèª­æ›¸ã«ãŠã„ã¦æœ€å¼·ãªè©±ï½œtomo@ãƒ“ã‚¸ãƒã‚¹ã‚¹ã‚­ãƒ«å‘ä¸Šã®ãŠæ‰‹ä¼ã„,,,5,no,,draft,2025-06-29,,,2025-09-06,0,0,
notes\MK\10_research\Make longer.md,yes,title status created updated,,,Make longer,5,no,,draft,,2025-06-29,,2025-09-06,0,0,
notes\MK\10_research\Make shorter.md,yes,title status created updated,,,Make shorter,5,no,,draft,,2025-06-29,,2025-09-06,0,0,
notes\MK\10_research\MODæ–‡åŒ–ã¨MODãƒ„ãƒ¼ãƒ«ã®ä½¿ç”¨ã«ã¤ã„ã¦.md,yes,status updated,MODæ–‡åŒ–ã¨MODãƒ„ãƒ¼ãƒ«ã®ä½¿ç”¨ã«ã¤ã„ã¦,ãƒˆãƒ”ãƒƒã‚¯ã‚¹,,5,no,,draft,2025-08-29,,,2025-09-06,0,0,
notes\MK\10_research\ObsidianÃ—Cursorã®æ´»ç”¨æ–¹æ³•ï¼šçŸ¥çš„ç”Ÿç”£ã®ã‚·ãƒŠã‚¸ãƒ¼ã‚’æœ€å¤§åŒ–ï½œShin.md,yes,status updated,ObsidianÃ—Cursorã®æ´»ç”¨æ–¹æ³•ï¼šçŸ¥çš„ç”Ÿç”£ã®ã‚·ãƒŠã‚¸ãƒ¼ã‚’æœ€å¤§åŒ–ï½œShin,ObsidianÃ—Cursorã®æ´»ç”¨æ–¹æ³•ï¼šçŸ¥çš„ç”Ÿç”£ã®ã‚·ãƒŠã‚¸ãƒ¼ã‚’æœ€å¤§åŒ–,,5,no,,draft,2025-06-29,,,2025-09-06,0,0,
notes\MK\10_research\Obsidianã‚’ãƒ¯ã‚¿ã‚·ã¯ã“ã†ä½¿ã£ã¦ãŠã‚Šã¾ã™ã€‚å®Ÿéš›ã®ä½¿ã„æ–¹ã¨åŒæœŸã«ã¤ã„ã¦ã®ãŠè©±ã€‚ï½œãŠã‹ã‹å®¹ç–‘è€….md,yes,status updated,Obsidianã‚’ãƒ¯ã‚¿ã‚·ã¯ã“ã†ä½¿ã£ã¦ãŠã‚Šã¾ã™ã€‚å®Ÿéš›ã®ä½¿ã„æ–¹ã¨åŒæœŸã«ã¤ã„ã¦ã®ãŠè©±ã€‚ï½œãŠã‹ã‹å®¹ç–‘è€…,Obsidianã‚’ãƒ¯ã‚¿ã‚·ã¯ã“ã†ä½¿ã£ã¦ãŠã‚Šã¾ã™ã€‚å®Ÿéš›ã®ä½¿ã„æ–¹ã¨åŒæœŸã«ã¤ã„ã¦ã®ãŠè©±ã€‚,,5,no,,draft,2025-06-29,,,2025-09-06,0,0,
notes\MK\10_research\Rewrite as tweet thread.md,yes,title status created updated,,,Rewrite as tweet thread,5,no,,draft,,2025-06-29,,2025-09-06,0,0,
notes\MK\10_research\Rewrite as tweet.md,yes,title status created updated,,,Rewrite as tweet,5,no,,draft,,2025-06-29,,2025-09-06,0,0,
notes\MK\10_research\RTA in Japan 2025å¹´å¤.md,yes,status updated,RTA in Japan 2025å¹´å¤,2025å¹´å¤å­£ æ—¥æœ¬ã«ãŠã‘ã‚‹RTA,,5,no,,draft,2025-07-02,,,2025-09-06,0,0,
notes\MK\10_research\Simplify.md,yes,title status created updated,,,Simplify,5,no,,draft,,2025-06-29,,2025-09-06,0,0,
notes\MK\10_research\SNSã‚·ãƒ§ãƒ¼ãƒˆå‹•ç”»ãƒã‚ºã‚Šå¾¹åº•åˆ†æ.md,yes,title status created updated,,,SNSã‚·ãƒ§ãƒ¼ãƒˆå‹•ç”»ãƒã‚ºã‚Šå¾¹åº•åˆ†æ,1,no,,draft,,2025-09-06,,2025-09-06,0,0,
notes\MK\10_research\Soraç”¨æ˜ åƒç”Ÿæˆãƒ—ãƒ­ãƒ³ãƒ—ãƒˆãƒ†ãƒ³ãƒ—ãƒ¬ãƒ¼ãƒˆï¼ˆè‹±èªï¼‰.md,yes,title status created updated,,ğŸ¥ Soraç”¨æ˜ åƒç”Ÿæˆãƒ—ãƒ­ãƒ³ãƒ—ãƒˆãƒ†ãƒ³ãƒ—ãƒ¬ãƒ¼ãƒˆï¼ˆè‹±èªï¼‰,ğŸ¥ Soraç”¨æ˜ åƒç”Ÿæˆãƒ—ãƒ­ãƒ³ãƒ—ãƒˆãƒ†ãƒ³ãƒ—ãƒ¬ãƒ¼ãƒˆï¼ˆè‹±èªï¼‰,5,no,,draft,,2025-07-02,,2025-09-06,0,0,
notes\MK\10_research\Summarize.md,yes,title status created updated,,,Summarize,5,no,,draft,,2025-06-29,,2025-09-06,0,0,
notes\MK\10_research\TikTok ASMRå‹•ç”»ä¼ç”».md,yes,title status created updated,,å¼•ç”¨æ–‡çŒ®,å¼•ç”¨æ–‡çŒ®,5,no,,draft,,2025-06-29,,2025-09-06,0,0,
notes\MK\10_research\Translate to Chinese.md,yes,title status created updated,,,Translate to Chinese,5,no,,draft,,2025-06-29,,2025-09-06,0,0,
notes\MK\10_research\Veoç”¨æ˜ åƒç”Ÿæˆãƒ—ãƒ­ãƒ³ãƒ—ãƒˆãƒ†ãƒ³ãƒ—ãƒ¬ãƒ¼ãƒˆï¼ˆè‹±èªï¼‰.md,yes,title status created updated,,ğŸ¥ Veoç”¨æ˜ åƒç”Ÿæˆãƒ—ãƒ­ãƒ³ãƒ—ãƒˆãƒ†ãƒ³ãƒ—ãƒ¬ãƒ¼ãƒˆï¼ˆè‹±èªï¼‰,ğŸ¥ Veoç”¨æ˜ åƒç”Ÿæˆãƒ—ãƒ­ãƒ³ãƒ—ãƒˆãƒ†ãƒ³ãƒ—ãƒ¬ãƒ¼ãƒˆï¼ˆè‹±èªï¼‰,5,no,,draft,,2025-07-02,,2025-09-06,0,0,
notes\MK\10_research\ã€Œé€²æ—ã©ã†ã§ã™ã‹ï¼Ÿã€ãŒæ€–ããªããªã‚‹æ€è€ƒæ³• - ã€Œä½œæ¥­ãƒ­ã‚°ã€ã‹ã‚‰ã€Œæœªæ¥ã®åœ°å›³ã€ã¸.md,yes,status updated,ã€Œé€²æ—ã©ã†ã§ã™ã‹ï¼Ÿã€ãŒæ€–ããªããªã‚‹æ€è€ƒæ³• - ã€Œä½œæ¥­ãƒ­ã‚°ã€ã‹ã‚‰ã€Œæœªæ¥ã®åœ°å›³ã€ã¸,ã¯ã˜ã‚ã«,,5,no,,draft,2025-07-08,,,2025-09-06,0,0,
notes\MK\10_research\ã€2025å¹´æœ€æ–°ã€‘Obsidian Ã— AIã§ãƒ¡ãƒ¢ãŒå¤‰ã‚ã‚‹ï¼ç„¡æ–™ãƒ—ãƒ©ã‚°ã‚¤ãƒ³ã€ŒSmart Composerã€ã‚’å¾¹åº•è§£èª¬ã—ã¾ã™ï¼.md,yes,status updated,ã€2025å¹´æœ€æ–°ã€‘Obsidian Ã— AIã§ãƒ¡ãƒ¢ãŒå¤‰ã‚ã‚‹ï¼ç„¡æ–™ãƒ—ãƒ©ã‚°ã‚¤ãƒ³ã€ŒSmart Composerã€ã‚’å¾¹åº•è§£èª¬ã—ã¾ã™ï¼,,,5,no,,draft,2025-07-13,,,2025-09-06,0,0,
notes\MK\10_research\ã€ObsidianÃ—Cursorã€‘AIæ™‚ä»£ã®çŸ¥çš„ç”Ÿç”£è¡“ï¼ä½¿ã„æ–¹ã‚„æ´»ç”¨äº‹ä¾‹ã¾ã§å¾¹åº•è§£èª¬ï½œChatGPTç ”ç©¶æ‰€.md,yes,status updated,ã€ObsidianÃ—Cursorã€‘AIæ™‚ä»£ã®çŸ¥çš„ç”Ÿç”£è¡“ï¼ä½¿ã„æ–¹ã‚„æ´»ç”¨äº‹ä¾‹ã¾ã§å¾¹åº•è§£èª¬ï½œChatGPTç ”ç©¶æ‰€,ã€ObsidianÃ—Cursorã€‘AIæ™‚ä»£ã®çŸ¥çš„ç”Ÿç”£è¡“ï¼ä½¿ã„æ–¹ã‚„æ´»ç”¨äº‹ä¾‹ã¾ã§å¾¹åº•è§£èª¬,,5,no,,draft,2025-06-29,,,2025-09-06,0,0,
notes\MK\10_research\ã€Suno.aiã§ç¨¼ãâ‘£ã€‘Spotifyé…ä¿¡ã‹ã‚‰3ãƒ¶æœˆã€ã¤ã„ã«ã€‡ä¸‡å††ç¨¼ã’ã¾ã—ãŸã€‚ï½œAI FREAK - æœ€æ–°ã®AIãƒ„ãƒ¼ãƒ«ã‚’ã”ç´¹ä»‹ 1.md,yes,status updated,ã€Suno.aiã§ç¨¼ãâ‘£ã€‘Spotifyé…ä¿¡ã‹ã‚‰3ãƒ¶æœˆã€ã¤ã„ã«ã€‡ä¸‡å††ç¨¼ã’ã¾ã—ãŸã€‚ï½œAI FREAK - æœ€æ–°ã®AIãƒ„ãƒ¼ãƒ«ã‚’ã”ç´¹ä»‹,ã€ç¬¬1å¼¾ã€‘,,5,no,,draft,2025-08-31,,,2025-09-06,0,0,
notes\MK\10_research\ã€å¿…è¦‹ã€‘æ”¹è‰¯ç‰ˆã¾ã˜ã‚“å¼ãƒ—ãƒ­ãƒ³ãƒ—ãƒˆï¼ï½œã¾ã˜ã‚“.md,yes,status updated,"ã€å¿…è¦‹ã€‘""æ”¹è‰¯ç‰ˆ""ã¾ã˜ã‚“å¼ãƒ—ãƒ­ãƒ³ãƒ—ãƒˆï¼ï½œã¾ã˜ã‚“","ã€å¿…è¦‹ã€‘""æ”¹è‰¯ç‰ˆ""ã¾ã˜ã‚“å¼ãƒ—ãƒ­ãƒ³ãƒ—ãƒˆï¼",,4,no,,draft,2025-08-29,,,2025-09-06,0,0,
notes\MK\10_research\ã‚‚ã†æ‰‹æ”¾ã›ãªã„ï¼Gemini ã® NotebookLMã€Deep Researchã€Canvas ã§æ€è€ƒã‚’åŠ é€Ÿï¼ˆGoogle Cloud Next Tokyo '25ã‚»ãƒƒã‚·ãƒ§ãƒ³ãƒ¬ãƒãƒ¼ãƒˆï¼‰.md,yes,status updated,ã‚‚ã†æ‰‹æ”¾ã›ãªã„ï¼Gemini ã® NotebookLMã€Deep Researchã€Canvas ã§æ€è€ƒã‚’åŠ é€Ÿï¼ˆGoogle Cloud Next Tokyo '25ã‚»ãƒƒã‚·ãƒ§ãƒ³ãƒ¬ãƒãƒ¼ãƒˆï¼‰,ã‚»ãƒƒã‚·ãƒ§ãƒ³ã®æ¦‚è¦,,5,no,,draft,2025-09-01,,,2025-09-06,0,0,
notes\MK\10_research\ãƒ©ãƒ³ãƒ‰ãƒ¼ã‚º æ± è¢‹æ±å£é§…å‰åº— ï¼ˆLANDooZï¼‰ã®ã”äºˆç´„ - æ± è¢‹å±…é…’å±‹  é£Ÿã¹ãƒ­ã‚°.md,yes,title status created updated,,NEW OPENâ—†æ± è¢‹é§…1åˆ†â—†è‚‰æ–™ç†ã‚„ä¸–ç•Œã®ã‚¯ãƒ©ãƒ•ãƒˆãƒ“ãƒ¼ãƒ«ãŒæ¥½ã—ã‚ã‚‹å¤§äººã®éš ã‚Œå®¶ã€‚å€‹å®¤ã‚ã‚Šâ—,NEW OPENâ—†æ± è¢‹é§…1åˆ†â—†è‚‰æ–™ç†ã‚„ä¸–ç•Œã®ã‚¯ãƒ©ãƒ•ãƒˆãƒ“ãƒ¼ãƒ«ãŒæ¥½ã—ã‚ã‚‹å¤§äººã®éš ã‚Œå®¶ã€‚å€‹å®¤ã‚ã‚Šâ—,5,no,,draft,,2025-06-29,,2025-09-06,0,0,
notes\MK\10_research\å€‹äººé–‹ç™ºã§æœˆ20ä¸‡å††ã‚’ç›®æŒ‡ã™ãŸã‚ã®è€ƒãˆæ–¹.md,yes,status updated,å€‹äººé–‹ç™ºã§æœˆ20ä¸‡å††ã‚’ç›®æŒ‡ã™ãŸã‚ã®è€ƒãˆæ–¹,é–‹ç™ºã—ãŸã‚¢ãƒ—ãƒª,,5,no,,draft,2025-09-01,,,2025-09-06,0,0,
notes\MK\10_research\å†…è¦³å†™çœŸ   æ˜”ã°ãªã— åˆ¥é¤¨ ï¼ˆãƒ ã‚«ã‚·ãƒãƒŠã‚·ï¼‰ - æ± è¢‹å±…é…’å±‹  é£Ÿã¹ãƒ­ã‚°.md,yes,title status created updated,,åº—èˆ—åŸºæœ¬æƒ…å ±,åº—èˆ—åŸºæœ¬æƒ…å ±,5,no,,draft,,2025-06-29,,2025-09-06,0,0,
notes\MK\10_research\åœ°å›³  ç«‹å–°ã„å¯¿å¸ ã‚ãã‚‰ - æ–°æ©‹ç«‹ã¡é£Ÿã„å¯¿å¸  é£Ÿã¹ãƒ­ã‚°.md,yes,status updated,åœ°å›³ : ç«‹å–°ã„å¯¿å¸ ã‚ãã‚‰ - æ–°æ©‹/ç«‹ã¡é£Ÿã„å¯¿å¸ | é£Ÿã¹ãƒ­ã‚°,,,5,no,,draft,2025-06-29,,,2025-09-06,0,0,
notes\MK\10_research\æ¡ç‚¹ãƒ«ãƒ¼ãƒ–ãƒªãƒƒã‚¯ï¼ˆJSONï¼š0â€“5ç‚¹ã€é‡ã¿ä»˜ãåˆè¨ˆã§æ¨å¥¨ã‚’æ±ºå®šï¼‰.md,yes,title status created updated,,,æ¡ç‚¹ãƒ«ãƒ¼ãƒ–ãƒªãƒƒã‚¯ï¼ˆJSONï¼š0â€“5ç‚¹ã€é‡ã¿ä»˜ãåˆè¨ˆã§æ¨å¥¨ã‚’æ±ºå®šï¼‰,5,no,,draft,,2025-09-06,,2025-09-06,0,0,
notes\MK\10_research\æ—¥æœ¬å›½å†…SNSãƒˆãƒ¬ãƒ³ãƒ‰åˆ†æãƒ¬ãƒãƒ¼ãƒˆ.md,yes,title status created updated,,æ—¥æœ¬å›½å†…SNSãƒˆãƒ¬ãƒ³ãƒ‰åˆ†æãƒ¬ãƒãƒ¼ãƒˆï¼šTikTokãƒ»Xãƒ»Instagramã®æœ€æ–°å‹•å‘ã¨å‹•ç”»åˆ¶ä½œã¸ã®å¿œç”¨æˆ¦ç•¥,æ—¥æœ¬å›½å†…SNSãƒˆãƒ¬ãƒ³ãƒ‰åˆ†æãƒ¬ãƒãƒ¼ãƒˆï¼šTikTokãƒ»Xãƒ»Instagramã®æœ€æ–°å‹•å‘ã¨å‹•ç”»åˆ¶ä½œã¸ã®å¿œç”¨æˆ¦ç•¥,6,yes,,draft,,2025-06-29,,2025-09-06,0,0,tags_over_limit:6
notes\MK\10_research\æœ€çŸ­ç‰ˆãƒ—ãƒ­ãƒ³ãƒ—ãƒˆï¼ˆåŸ‹ã‚æ¸ˆã¿ãƒ»ã‚³ãƒ”ãƒšç”¨ï¼‰.md,yes,title status created updated,,,æœ€çŸ­ç‰ˆãƒ—ãƒ­ãƒ³ãƒ—ãƒˆï¼ˆåŸ‹ã‚æ¸ˆã¿ãƒ»ã‚³ãƒ”ãƒšç”¨ï¼‰,5,no,,draft,,2025-09-06,,2025-09-06,0,0,
notes\MK\10_research\ç„¼é¶ å‰å·ã®ã”äºˆç´„ - ä»£ã€…æœ¨ç„¼ãé³¥  é£Ÿã¹ãƒ­ã‚°.md,yes,title status created updated,,ä»£ã€…æœ¨é§…1åˆ†â—†ã™ã¹ã¦ã€æ‰‹ä½œã‚Šã§ã™ï¼ã‚ã£ãŸã‹ã„å±…é…’å±‹ã•ã‚“ï¼,ä»£ã€…æœ¨é§…1åˆ†â—†ã™ã¹ã¦ã€æ‰‹ä½œã‚Šã§ã™ï¼ã‚ã£ãŸã‹ã„å±…é…’å±‹ã•ã‚“ï¼,5,no,,draft,,2025-06-29,,2025-09-06,0,0,
notes\MK\10_research\ç§‘å­¦çš„ã«ã‚ã‹ã£ã¦ããŸã€é‹ãŒã„ã„äººã®æ­£ä½“.md,yes,status updated,ç§‘å­¦çš„ã«ã‚ã‹ã£ã¦ããŸã€é‹ãŒã„ã„äººã®æ­£ä½“,ç§‘å­¦ãŒè¨¼æ˜ã—ãŸã€Œé‹ã‚’ä½œã‚‹æ€ã„è¾¼ã¿ã€,,5,no,,draft,2025-06-29,,,2025-09-06,0,0,
notes\MK\10_research\è§’ç”°è£•æ¯… F1ã‚ªãƒ©ãƒ³ãƒ€GPå±•æœ›ã€Œç²¾ç¥çš„ã«ã‚‚è‚‰ä½“çš„ã«ã‚‚å¼·ããªã‚ŒãŸã€.md,yes,status updated,è§’ç”°è£•æ¯… F1ã‚ªãƒ©ãƒ³ãƒ€GPå±•æœ›ã€Œç²¾ç¥çš„ã«ã‚‚è‚‰ä½“çš„ã«ã‚‚å¼·ããªã‚ŒãŸã€,,,5,no,,draft,2025-08-28,,,2025-09-06,0,0,
notes\MK\10_research\è§£åƒåº¦ã‚’ä¸Šã’ã‚‹ ğŸ”¬.md,yes,status updated,è§£åƒåº¦ã‚’ä¸Šã’ã‚‹ ğŸ”¬,é¦¬ç”°éš†æ˜ / é¦¬ç”°éš†æ˜,,5,no,,draft,2025-08-29,,,2025-09-06,0,0,
notes\MK\10_research\è©³ç´°ãƒªã‚µãƒ¼ãƒãƒ»ãƒ–ãƒªãƒ¼ãƒ•ï¼ˆYAMLï¼šåŸ‹ã‚æ¸ˆã¿ãƒ»ç·¨é›†å¯ï¼‰.md,yes,title status created updated,,,è©³ç´°ãƒªã‚µãƒ¼ãƒãƒ»ãƒ–ãƒªãƒ¼ãƒ•ï¼ˆYAMLï¼šåŸ‹ã‚æ¸ˆã¿ãƒ»ç·¨é›†å¯ï¼‰,5,no,,draft,,2025-09-06,,2025-09-06,0,0,
notes\MK\10_research\èª¿æŸ»ãƒã‚§ãƒƒã‚¯ãƒªã‚¹ãƒˆ.md,yes,title status created updated,,èª¿æŸ»ãƒã‚§ãƒƒã‚¯ãƒªã‚¹ãƒˆï¼ˆå€‹äººå‘ã‘ãƒ»Obsidian/Notionå›ºæœ‰ã®ç¢ºèªè¦³ç‚¹ï¼‰,èª¿æŸ»ãƒã‚§ãƒƒã‚¯ãƒªã‚¹ãƒˆï¼ˆå€‹äººå‘ã‘ãƒ»Obsidian/Notionå›ºæœ‰ã®ç¢ºèªè¦³ç‚¹ï¼‰,5,no,,draft,,2025-09-06,,2025-09-06,0,0,
notes\MK\20_notes\90kgâ†’70kg_æ¸›é‡è¨ˆç”».md,yes,title status created updated,,æ¸›é‡è¨ˆç”»å…¨ä½“æ¦‚è¦ï¼ˆ90kg â†’ 70kgï¼‰,æ¸›é‡è¨ˆç”»å…¨ä½“æ¦‚è¦ï¼ˆ90kg â†’ 70kgï¼‰,5,no,,draft,,2025-06-29,,2025-09-06,0,0,
notes\MK\20_notes\ASMRæ”¹è‰¯ç‰ˆãƒ—ãƒ­ãƒ³ãƒ—ãƒˆ.md,yes,title status created updated,,ğŸ‡ ASMRå‹•ç”»ãƒ—ãƒ­ãƒ³ãƒ—ãƒˆï¼ˆæœç‰©10ç¨® Ã— æ”¹è‰¯ç‰ˆæ§‹æˆï¼‰,ğŸ‡ ASMRå‹•ç”»ãƒ—ãƒ­ãƒ³ãƒ—ãƒˆï¼ˆæœç‰©10ç¨® Ã— æ”¹è‰¯ç‰ˆæ§‹æˆï¼‰,5,no,,draft,,2025-06-29,,2025-09-06,0,0,
notes\MK\20_notes\ASMRæ”¹è‰¯ç‰ˆãƒ—ãƒ­ãƒ³ãƒ—ãƒˆç”¨ãƒãƒƒã‚·ãƒ¥ã‚¿ã‚°.md,yes,title status created updated,,ğŸ¬ TikTokæŠ•ç¨¿ãƒ†ãƒ³ãƒ—ãƒ¬ãƒ¼ãƒˆï¼ˆã‚¿ã‚¤ãƒˆãƒ«ï¼‹ãƒãƒƒã‚·ãƒ¥ã‚¿ã‚°ï¼‰,ğŸ¬ TikTokæŠ•ç¨¿ãƒ†ãƒ³ãƒ—ãƒ¬ãƒ¼ãƒˆï¼ˆã‚¿ã‚¤ãƒˆãƒ«ï¼‹ãƒãƒƒã‚·ãƒ¥ã‚¿ã‚°ï¼‰,5,no,,draft,,2025-06-29,,2025-09-06,0,0,
notes\MK\20_notes\DeNAã®ã€ŒAIã«ã‚ªãƒ¼ãƒ«ã‚¤ãƒ³ã€.md,yes,title status created updated,,DeNAã«ãŠã‘ã‚‹AIæ´»ç”¨æœ€å‰ç·š,DeNAã«ãŠã‘ã‚‹AIæ´»ç”¨æœ€å‰ç·š,5,no,,draft,,2025-06-29,,2025-09-06,0,0,
notes\MK\20_notes\prompt-eval-template.md,yes,title status created updated,,ğŸ“Š ãƒ—ãƒ­ãƒ³ãƒ—ãƒˆè©•ä¾¡ãƒ†ãƒ³ãƒ—ãƒ¬ãƒ¼ãƒˆ,ğŸ“Š ãƒ—ãƒ­ãƒ³ãƒ—ãƒˆè©•ä¾¡ãƒ†ãƒ³ãƒ—ãƒ¬ãƒ¼ãƒˆ,5,no,,draft,"<% tp.date.now(""YYYY-MM-DD"") %>",2025-07-01,,2025-09-06,0,0,
notes\MK\20_notes\sora_mechanical_mineral_fruits.md,yes,title status created updated,,ğŸ”§ Soraç”¨ãƒ—ãƒ­ãƒ³ãƒ—ãƒˆé›† â€“ æ©Ÿæ¢°æœç‰© & é‰±ç‰©æœç‰©ï¼ˆ6ç¨®ï¼‰,ğŸ”§ Soraç”¨ãƒ—ãƒ­ãƒ³ãƒ—ãƒˆé›† â€“ æ©Ÿæ¢°æœç‰© & é‰±ç‰©æœç‰©ï¼ˆ6ç¨®ï¼‰,5,no,,draft,,2025-07-02,,2025-09-06,0,0,
notes\MK\20_notes\ã‚¹ãƒˆãƒ¬ãƒƒãƒï¼†æœ‰é…¸ç´ ãƒ¡ãƒ‹ãƒ¥ãƒ¼è©³ç´°ï¼ˆ90kgâ†’70kg æ¸›é‡æ”¯æ´ï¼‰.md,yes,title status created updated,,ã‚¹ãƒˆãƒ¬ãƒƒãƒï¼†æœ‰é…¸ç´ ãƒ¡ãƒ‹ãƒ¥ãƒ¼è©³ç´°ï¼ˆ90kgâ†’70kg æ¸›é‡æ”¯æ´ï¼‰,ã‚¹ãƒˆãƒ¬ãƒƒãƒï¼†æœ‰é…¸ç´ ãƒ¡ãƒ‹ãƒ¥ãƒ¼è©³ç´°ï¼ˆ90kgâ†’70kg æ¸›é‡æ”¯æ´ï¼‰,5,no,,draft,,2025-06-29,,2025-09-06,0,0,
notes\MK\20_notes\ãƒ€ã‚¤ã‚¨ãƒƒãƒˆè¨ˆç”»_Kanban_Phase1_2.md.md,yes,title status created updated,,ğŸ“… Phase 1ï¼šå°å…¥æœŸï¼ˆé€±1ã€œ4ï¼‰,ğŸ“… Phase 1ï¼šå°å…¥æœŸï¼ˆé€±1ã€œ4ï¼‰,5,no,,draft,,2025-06-30,,2025-09-06,0,0,
notes\MK\20_notes\ãƒ€ã‚¤ã‚¨ãƒƒãƒˆè¨ˆç”»ãƒ—ãƒ­ãƒ³ãƒ—ãƒˆ_v2.md,yes,title status created updated,,ãƒ€ã‚¤ã‚¨ãƒƒãƒˆè¨ˆç”»ãƒ—ãƒ­ãƒ³ãƒ—ãƒˆ v2ï¼ˆãƒ—ãƒ­ãƒ³ãƒ—ãƒˆã‚¨ãƒ³ã‚¸ãƒ‹ã‚¢ãƒªãƒ³ã‚°æœ€é©åŒ–ç‰ˆï¼‰,ãƒ€ã‚¤ã‚¨ãƒƒãƒˆè¨ˆç”»ãƒ—ãƒ­ãƒ³ãƒ—ãƒˆ v2ï¼ˆãƒ—ãƒ­ãƒ³ãƒ—ãƒˆã‚¨ãƒ³ã‚¸ãƒ‹ã‚¢ãƒªãƒ³ã‚°æœ€é©åŒ–ç‰ˆï¼‰,5,no,,draft,,2025-06-29,,2025-09-06,0,0,
notes\MK\20_notes\å‡ºåŠ›ãƒ¬ã‚¤ã‚¢ã‚¦ãƒˆä»•æ§˜ï¼ˆMarkdownï¼‰.md,yes,title status created updated,,TL;DR,TL;DR,5,no,,draft,,2025-09-06,,2025-09-06,0,0,
notes\MK\30_projects\README.md,yes,title status created updated,,"ffxiv-return-agent (Windows 11-friendly skeleton, .NET 8)","ffxiv-return-agent (Windows 11-friendly skeleton, .NET 8)",5,no,,draft,,2025-08-17,,2025-09-06,0,0,
notes\MK\40_prompts\Crystal Fruit ASMR Prompt Collection.md,yes,title status created updated,,ğŸ Crystal Fruit ASMR Prompt Collection,ğŸ Crystal Fruit ASMR Prompt Collection,5,no,,draft,,2025-07-01,,2025-09-06,0,0,
notes\MK\40_prompts\crystal_fruit_prompts (1).md,yes,title status created updated,,Crystal Strawberry,Crystal Strawberry,5,no,,draft,,2025-07-05,,2025-09-06,0,0,
notes\MK\40_prompts\cyber_crystal_food_prompts 1.md,yes,title status created updated,,1. Neon Seaweed Ramen â€“ Spiral Vortex Loop,1. Neon Seaweed Ramen â€“ Spiral Vortex Loop,5,no,,draft,,2025-07-08,,2025-09-06,0,0,
notes\MK\40_prompts\cyber_crystal_food_v2_all_1to10.md,yes,title status created updated,,2. Cyber Wasabi Gyoza â€“ Reactor Core Bloom (v2),2. Cyber Wasabi Gyoza â€“ Reactor Core Bloom (v2),5,no,,draft,,2025-07-08,,2025-09-06,0,0,
notes\MK\40_prompts\tiktokå‹•ç”»ç”Ÿæˆãƒ—ãƒ­ãƒ³ãƒ—ãƒˆ1ï¸âƒ£.md,yes,title status created updated,,,tiktokå‹•ç”»ç”Ÿæˆãƒ—ãƒ­ãƒ³ãƒ—ãƒˆ1ï¸âƒ£,5,no,,draft,,2025-06-30,,2025-09-06,0,0,
notes\MK\40_prompts\TikTokæŠ•ç¨¿ç”¨ã‚³ãƒ³ãƒ†ãƒ³ãƒ„è‡ªå‹•ç”Ÿæˆãƒ—ãƒ­ãƒ³ãƒ—ãƒˆ V4ï¼ˆASMRã‚¯ãƒªã‚¹ã‚¿ãƒ«æœç‰©ï¼‰.md,yes,title status created updated,,ğŸ¬ TikTokæŠ•ç¨¿ç”¨ã‚³ãƒ³ãƒ†ãƒ³ãƒ„è‡ªå‹•ç”Ÿæˆãƒ—ãƒ­ãƒ³ãƒ—ãƒˆ V4ï¼ˆASMR / ã‚¯ãƒªã‚¹ã‚¿ãƒ«æœç‰©ï¼‰,ğŸ¬ TikTokæŠ•ç¨¿ç”¨ã‚³ãƒ³ãƒ†ãƒ³ãƒ„è‡ªå‹•ç”Ÿæˆãƒ—ãƒ­ãƒ³ãƒ—ãƒˆ V4ï¼ˆASMR / ã‚¯ãƒªã‚¹ã‚¿ãƒ«æœç‰©ï¼‰,5,no,,draft,,2025-07-01,,2025-09-06,0,0,
notes\MK\40_prompts\â˜…Prompt Create Prompt.md,yes,title status created updated,,å›ç­”ä¾‹ï¼ˆTikTokã§ãƒã‚ºã‚’ç‹™ã†AIå‹•ç”»ãƒ—ãƒ­ãƒ³ãƒ—ãƒˆç”Ÿæˆç”¨ï¼‰,å›ç­”ä¾‹ï¼ˆTikTokã§ãƒã‚ºã‚’ç‹™ã†AIå‹•ç”»ãƒ—ãƒ­ãƒ³ãƒ—ãƒˆç”Ÿæˆç”¨ï¼‰,5,no,,draft,,2025-07-01,,2025-09-06,0,0,
notes\MK\40_prompts\ã‚¯ãƒªã‚¹ã‚¿ãƒ«æœç‰©åˆ‡æ–­ASMRå‹•ç”»ç”Ÿæˆãƒ—ãƒ­ãƒ³ãƒ—ãƒˆ.md,yes,title status created updated,,ğŸ¯ ç›®çš„,ğŸ¯ ç›®çš„,5,no,,draft,,2025-07-01,,2025-09-06,0,0,
notes\MK\40_prompts\å‹•ç”»ç”Ÿæˆãƒ—ãƒ­ãƒ³ãƒ—ãƒˆ(meta3).md,yes,title status created updated,,ğŸ¯ ã‚ãªãŸã®ç›®çš„ï¼š,ğŸ¯ ã‚ãªãŸã®ç›®çš„ï¼š,5,no,,draft,,2025-07-01,,2025-09-06,0,0,
notes\MK\40_prompts\æ˜ åƒç”Ÿæˆãƒ„ãƒ¼ãƒ«å‘ã‘ãƒ—ãƒ­ãƒ³ãƒ—ãƒˆ.md,yes,title status created updated,,ğŸ¥ è‹±èªãƒ—ãƒ­ãƒ³ãƒ—ãƒˆï¼ˆæ˜ åƒç”Ÿæˆãƒ„ãƒ¼ãƒ«å‘ã‘ï¼‰,ğŸ¥ è‹±èªãƒ—ãƒ­ãƒ³ãƒ—ãƒˆï¼ˆæ˜ åƒç”Ÿæˆãƒ„ãƒ¼ãƒ«å‘ã‘ï¼‰,5,no,,draft,,2025-07-01,,2025-09-06,0,0,
notes\MK\40_prompts\æ·±å €ã‚Šprompt.md,yes,title status created updated,,,æ·±å €ã‚Šprompt,5,no,,draft,,2025-06-30,,2025-09-06,0,0,
notes\MK\50_code\ChatGPT å‡ºåŠ› Obsidian ä¿å­˜.md,yes,title status created updated,,âœ… ç›®çš„,âœ… ç›®çš„,5,no,,draft,,2025-06-29,,2025-09-06,0,0,
notes\MK\50_code\Claude Code Hooksã¨Gemini CLIã§å§‹ã‚ã‚‹AIãƒ‘ã‚¤ãƒ—ãƒ©ã‚¤ãƒ³å®Ÿè¡Œï½œæ¾æ¿¤Vimmer.md,yes,status updated,Claude Code Hooksã¨Gemini CLIã§å§‹ã‚ã‚‹AIãƒ‘ã‚¤ãƒ—ãƒ©ã‚¤ãƒ³å®Ÿè¡Œï½œæ¾æ¿¤Vimmer,Claude Code Hooksã¨Gemini CLIã§å§‹ã‚ã‚‹AIãƒ‘ã‚¤ãƒ—ãƒ©ã‚¤ãƒ³å®Ÿè¡Œ,,5,no,,draft,2025-07-06,,,2025-09-06,0,0,
notes\MK\50_code\Codex CLIã‚’ä½¿ã„ã“ãªã™ãŸã‚ã®æ©Ÿèƒ½ãƒ»è¨­å®šã¾ã¨ã‚.md,yes,status updated,Codex CLIã‚’ä½¿ã„ã“ãªã™ãŸã‚ã®æ©Ÿèƒ½ãƒ»è¨­å®šã¾ã¨ã‚,ã¯ã˜ã‚ã«,,5,no,,draft,2025-09-04,,,2025-09-06,0,0,
notes\MK\50_code\crystal_fruit_prompts.md,yes,title status created updated,,,crystal_fruit_prompts,3,no,,draft,,2025-07-05,,2025-09-06,0,0,
notes\MK\50_code\crystal_fruit_prompts_v5.md,yes,title status created updated,,ğŸ¥ è‹±èªãƒ—ãƒ­ãƒ³ãƒ—ãƒˆ â€“ Crystal Lemon,ğŸ¥ è‹±èªãƒ—ãƒ­ãƒ³ãƒ—ãƒˆ â€“ Crystal Lemon,3,no,,draft,,2025-07-05,,2025-09-06,0,0,
notes\MK\50_code\Crystal_Video_Prompts_Veo.md,yes,title status created updated,,,Crystal_Video_Prompts_Veo,3,no,,draft,,2025-07-05,,2025-09-06,0,0,
notes\MK\50_code\CrystalFruit_ASMR_Prompts_Veo (1).md,yes,title status created updated,,ğŸ Crystal Fruit ASMR Prompts for Veo,ğŸ Crystal Fruit ASMR Prompts for Veo,5,no,,draft,,2025-07-01,,2025-09-06,0,0,
notes\MK\50_code\Dashboard.md,no,title tags status created updated,,Dashboard (MK Vault),Dashboard (MK Vault),0,no,,draft,,2025-09-06,,2025-09-06,0,0,no_yaml
notes\MK\50_code\gemini 2.5 proã§ã‚¹ãƒ©ã‚¤ãƒ‰ç”Ÿæˆã•ã›ã‚‹(deep reserarchçµæœã‚’æ¸¡ã™).md,yes,title status created updated,,**1.0 PRIMARY\_OBJECTIVE â€” æœ€çµ‚ç›®æ¨™**,**1.0 PRIMARY\_OBJECTIVE â€” æœ€çµ‚ç›®æ¨™**,5,no,,draft,,2025-08-17,,2025-09-06,0,0,
notes\MK\50_code\Gemini CLI.md,yes,title status created updated,,Gemini CLIã¨ã¯ä½•ã‹ã€ãã®èƒŒæ™¯ã¨ç«¶åˆ,Gemini CLIã¨ã¯ä½•ã‹ã€ãã®èƒŒæ™¯ã¨ç«¶åˆ,5,no,,draft,,2025-06-29,,2025-09-06,0,0,
notes\MK\50_code\Generate glossary.md,yes,title status created updated,,,Generate glossary,5,no,,draft,,2025-06-29,,2025-09-06,0,0,
notes\MK\50_code\o3 MCPã§Claude CodeãŒæœ€å¼·ã®æ¤œç´¢åŠ›ã‚’æ‰‹ã«å…¥ã‚ŒãŸ.md,yes,status updated,o3 MCPã§Claude CodeãŒæœ€å¼·ã®æ¤œç´¢åŠ›ã‚’æ‰‹ã«å…¥ã‚ŒãŸ,ç™»éŒ²æ–¹æ³•,,5,no,,draft,2025-06-29,,,2025-09-06,0,0,
notes\MK\50_code\Obsidianã¨Gemini CLIã§çŸ¥è­˜ã‚’è‚²ã¦ã‚‹ï¼šç¬¬äºŒã®è„³ã‚’æ§‹ç¯‰ã™ã‚‹å®Ÿè·µã‚¬ã‚¤ãƒ‰.md,yes,status updated,Obsidianã¨Gemini CLIã§çŸ¥è­˜ã‚’è‚²ã¦ã‚‹ï¼šç¬¬äºŒã®è„³ã‚’æ§‹ç¯‰ã™ã‚‹å®Ÿè·µã‚¬ã‚¤ãƒ‰,ã¯ã˜ã‚ã«,,5,no,,draft,2025-07-02,,,2025-09-06,0,0,
notes\MK\50_code\Remove URLs.md,yes,title status created updated,,,Remove URLs,5,no,,draft,,2025-06-29,,2025-09-06,0,0,
notes\MK\50_code\sora_crystal_fruits_prompts.md,yes,title status created updated,,ğŸ‡ Soraç”¨ã‚¯ãƒªã‚¹ã‚¿ãƒ«æœç‰©ãƒ—ãƒ­ãƒ³ãƒ—ãƒˆé›†ï¼ˆ20ç¨®ï¼‰,ğŸ‡ Soraç”¨ã‚¯ãƒªã‚¹ã‚¿ãƒ«æœç‰©ãƒ—ãƒ­ãƒ³ãƒ—ãƒˆé›†ï¼ˆ20ç¨®ï¼‰,5,no,,draft,,2025-07-02,,2025-09-06,0,0,
notes\MK\50_code\tiktok asmrã‚­ãƒ£ãƒ—ã‚·ãƒ§ãƒ³é›†.md,yes,title status created updated,,ğŸ¬ TikTok ASMRå‹•ç”»ã‚¹ã‚¯ãƒªãƒ—ãƒˆ + ã‚­ãƒ£ãƒ—ã‚·ãƒ§ãƒ³é›†ï¼ˆã‚¬ãƒ©ã‚¹æœç‰©ï¼‰,ğŸ¬ TikTok ASMRå‹•ç”»ã‚¹ã‚¯ãƒªãƒ—ãƒˆ + ã‚­ãƒ£ãƒ—ã‚·ãƒ§ãƒ³é›†ï¼ˆã‚¬ãƒ©ã‚¹æœç‰©ï¼‰,5,no,,draft,,2025-06-29,,2025-09-06,0,0,
notes\MK\50_code\ã€Obsidianã®ä½¿ã„æ–¹ãŒå¤‰ã‚ã‚‹ã€‘Gemini CLIã¯ã€ã‚ãªãŸã®æ€è€ƒã«å¯„ã‚Šæ·»ã†ã€Œç„¡æ–™ã®åŸ·äº‹ã€ï½œå°‘ã—æ˜ã‚‹ã„é«˜æ©‹ãã‚“.md,yes,status updated,ã€Obsidianã®ä½¿ã„æ–¹ãŒå¤‰ã‚ã‚‹ã€‘Gemini CLIã¯ã€ã‚ãªãŸã®æ€è€ƒã«å¯„ã‚Šæ·»ã†ã€Œç„¡æ–™ã®åŸ·äº‹ã€ï½œå°‘ã—æ˜ã‚‹ã„é«˜æ©‹ãã‚“,ã€Obsidianã®ä½¿ã„æ–¹ãŒå¤‰ã‚ã‚‹ã€‘Gemini CLIã¯ã€ã‚ãªãŸã®æ€è€ƒã«å¯„ã‚Šæ·»ã†ã€Œç„¡æ–™ã®åŸ·äº‹ã€,,5,no,,draft,2025-06-29,,,2025-09-06,0,0,
notes\MK\50_code\å…ˆè¼©ç¤¾å“¡ãŒã©ã†ã‚„ã£ã¦ä¸å…·åˆã‚’è§£æ±ºã—ã¦ã„ã‚‹ã®ã‹ 1.md,yes,status updated,å…ˆè¼©ç¤¾å“¡ãŒã©ã†ã‚„ã£ã¦ä¸å…·åˆã‚’è§£æ±ºã—ã¦ã„ã‚‹ã®ã‹,è‡ªå·±ç´¹ä»‹,,5,no,,draft,2025-08-29,,,2025-09-06,0,0,
notes\MK\50_code\æ–°Codex CLIã®ä½¿ã„æ–¹.md,yes,status updated,æ–°Codex CLIã®ä½¿ã„æ–¹,ã‚µãƒ–ã‚¹ã‚¯ãƒªãƒ—ã‚·ãƒ§ãƒ³ã®åˆ¶é™,,5,no,,draft,2025-09-05,,,2025-09-06,0,0,
notes\MK\50_code\éã‚¨ãƒ³ã‚¸ãƒ‹ã‚¢ã§ã‚‚ã§ãã‚‹ï¼AIé§†å‹•PMã®å¯èƒ½æ€§ã€€ã€œ Obsidian Ã— Cursor ã€œï½œã™ã…  AIé§†å‹•PM.md,yes,status updated,éã‚¨ãƒ³ã‚¸ãƒ‹ã‚¢ã§ã‚‚ã§ãã‚‹ï¼AIé§†å‹•PMã®å¯èƒ½æ€§ã€€ã€œ Obsidian Ã— Cursor ã€œï½œã™ã… | AIé§†å‹•PM,éã‚¨ãƒ³ã‚¸ãƒ‹ã‚¢ã§ã‚‚ã§ãã‚‹ï¼AIé§†å‹•PMã®å¯èƒ½æ€§ã€€ã€œ Obsidian Ã— Cursor ã€œ,,5,no,,draft,2025-06-29,,,2025-09-06,0,0,
